name,location
Topcity Hostel & Suites,"Rua Mendonca Pessanha 27, Lagos 8600-607 Portugal"
Lindo Vale Guest House,"Rua do Lindo Vale 460, Porto 4200-370 Portugal"
Hotel Dom Luis,"Avenida de Badajoz, Elvas 7350-903 Portugal"
Romantik Villa,"Urbanizacao Beach Villas Lote M5, Salema 8650-191 Portugal"
RIBEIRA by YoursPorto,"Rua Reboleira 19 A 2-min walk from the Church of São Francisco, Porto 4050-492 Portugal"
Hotel Comercio,"Avenida Doutor Correia Pinto, Resende 4660-013 Portugal"
Luz Ocean Club Apartments,"R. Dr. Francisco Gentil Martins, Lote 57 Luz, Luz 8600-164 Portugal"
SoulSurfcamp,"Avenida do Mar 180, Ferrel, Peniche 2520-101 Portugal"
Porto Palácio Hotel by The Editory,"Avenida da Boavista 1269, Porto 4100-130 Portugal"
Natura Algarve Club,"Rua Fernão Lopes Lote 2, Albufeira 8200-279 Portugal"
Upon Vila - Alcochete Hotel,"Av. Dom Manuel I 465, Alcochete 2890-014 Portugal"
RIA CENTRUM,"Rua de Luís Cipriano 2, Aveiro 3810-128 Portugal"
Hotel Apartamentos Geres Ribeiro,"Avenida Manoel Francisco Da Costa, Vilar da Veiga 4845-067 Portugal"
Rossio Hotel,"Rua 31 de Janeiro n 6, Portalegre 7300-211 Portugal"
Casa da Aldeia,"Calcada da Aldeia 16, Sever do Vouga 3740-235 Portugal"
Estalagem de Marvão - Casa de Campo,"Rua do Espirito Santo 1, Marvao 7330-117 Portugal"
Quinta das Achadas,"Estrada da Barragem, Odiaxere, Lagos 8600-250 Portugal"
Mamaadama Alpaca Farm And B&b,"Font Fria Mosqueiroes, Grandola 7570-336 Portugal"
Vila Galé Tavira,"Rua 4 de Outubro, Tavira 8800-362 Portugal"
PeraLux,"Largo 1º de Maio, Pera 8365-204 Portugal"
Bura Surfhouse,"Rua da Pedra Alcada, Lagos 8600-546 Portugal"
Cardeal Suites & Apartments,"Rua Doutor Coelho de Melo nº 1, Faro 8000-323 Portugal"
The Maverick Surf & Guest House,"Rua da Fonte 15 A Toxofal de Cima, Lourinha 2530-318 Portugal"
Canto de Luz,"Rua do Almada 539, Porto 4050-039 Portugal"
Memmo Principe Real,"Rua Dom Pedro V 56 J, Lisbon 1250-094 Portugal"
Casa Morais,"Rua da Capela Fornos, Coimbra 3025-149 Portugal"
Mareta Beach House Boutique Residence,"Rua da Mareta, Sagres 8650-356 Portugal"
Hotel Travel Park Lisboa,"Avenida Almirante Reis 64, Lisbon 1150-020 Portugal"
Hotel do Parque,"Bom Jesus Do Monte, Braga 4715-297 Portugal"
Perola da Lagoa,"Travessa do Remo, Obidos Portugal"
Luna Hotel Da Oura,"Rua Dunfermline Areias de Sao Joao, Albufeira 8200-278 Portugal"
Volcanic Charming House,"Rua de Nossa Senhora do Vencimento 76, Ribeira Grande, São Miguel 9600-570 Portugal"
Camping Asseiceira,"Caixa Postal 2 Marvão, Santo Antonio Das Areias, Marvao 7330-204 Portugal"
Crowne Plaza Porto By IHG,"Avenida Da Boavista, Porto 4100-114 Portugal"
Quinta Da Roda: Natureza E Bem-estar,"Lugar Da Roda, Vila Verde 4730-614 Portugal"
Hotel da Barrosinha,"Companhia Agricola da Barrosinha, Alcacer do Sal 7580-514 Portugal"
Eurostars Lisboa Baixa,"Rua da Prata 88-114, Lisbon 1050-202 Portugal"
Zero Box Lodge Coimbra,"Avenida Emidio Navarro 45, Coimbra 3000-150 Portugal"
Tag Hostel,"Rua da Porta de Portugal 63, Lagos 8600-998 Portugal"
Residencial Vila Formosa,"Estrada da Estacao, Monte Gordo 8900-406 Portugal"
Encosta Dos Tuneis - Turismo E Lazer,"Rua da Portela N. 261, Sever do Vouga 3740-078 Portugal"
The Lift Boutique Hotel by RIDAN Hotels,"Rua Áurea 265, Lisbon 1150-272 Portugal"
Quinta Do Chocalhinho,"Aldeia da Bemposta, Odemira 7630-028 Portugal"
Apartamentos Turisticos da Nazare,"Av. Vieira Guimarães 33, Nazare 2450-111 Portugal"
Dom Pedro Portobelo,"Avenida Tivoli, Lote H5, Vilamoura, Quarteira 8125-410 Portugal"
O Castelo Guest House,"Rua do Casino 59 63, Carvoeiro 8400-515 Portugal"
Crowne Plaza Vilamoura,"Rua Do Oceano Atlantico, Vilamoura, Quarteira 8124-478 Portugal"
name,location
Formosa Guest House,"Praca da Republica 12 Second Floor, Tavira 8800-316 Portugal"
Monte Soalheiro,"Casa Branca, Sao Teotonio, Odemira 7630-585 Portugal"
Quinta do Espirito Santo,"Rua Dr. Teotonio Machado Pires 36 São Bartolomeu de Regatos, Angra do Heroísmo, Terceira 9700-517 Portugal"
Sheraton Lisboa Hotel & Spa,"Rua Latino Coelho, 1, Lisbon 1069 Portugal"
Rr Club Amarilis,"Av. das Comunidades Lusíadas, Praia da Rocha, Portimao 8500-801 Portugal"
Santa Bica - Eat Drink & Sleep,"Travessa do Cabral No. 37, Lisbon 1200-074 Portugal"
Hotel A Ponte,"Rua do Poco do Pescadouro n 32, Viana do Castelo 4900-782 Portugal"
Quinta da Rabacosa,"Quinta da Rabacosa Moes Castro Daire, Castro Daire 3600-430 Portugal"
NH Collection Lisboa Liberdade,"Avenida da Liberdade 180 B Old Baixa, Lisbon 1250-146 Portugal"
Hotel Real Parque,"Avenida Luis Bivar 67, Lisbon 1069-146 Portugal"
Hotel Anjo Azul,"Rua Luz Soriano 75, Lisbon 1200-246 Portugal"
Hotel Segredos De Vale Manso,"Rua Do Vale Manso S/N Albufeira de Castelo do Bode, Aldeia do Mato 2200-648 Portugal"
Storytellers Palace,"Rua Capitao Jaime Pinto 6, Sao Martinho do Porto, Alcobaca 2460-638 Portugal"
Montebelo Vista Alegre Ilhavo Hotel,"Lugar da Vista Alegre, Ilhavo 3830-292 Portugal"
HD - Duecitânia Design Hotel,"Quinta da Fabrica Ponte do Espinhal, Penela 3230-292 Portugal"
The Lince Azores Great Hotel,"Avenida Dom João III 29, Ponta Delgada, São Miguel 9500-310 Portugal"
Vila Galé Collection Palácio dos Arcos,"Largo Conde das Alcáçovas, 3, Paco de Arcos, Oeiras 2770-031 Portugal"
Casa da Pousada,"Travessa da Fonte da Cal 33 Roriz - Barcelos, Barcelos 4750-659 Portugal"
Sintra 1012 Boutique Guest House,"Rua Gil Vicente 10-12, Sintra 2710-568 Portugal"
Cerro da Marina Hotel,"Rua do Cerro Grande, Albufeira 8200-108 Portugal"
Herdade Dos Grous,Albernoa 7800-601 Portugal
Montebelo Palácio dos Melos Viseu Historic Hotel,"Rua Chao do Mestre No 4, Viseu 3500-103 Portugal"
Chill In Ericeira Surfhouse,"Rua Bairro Joao David Soares, Ericeira, Mafra 2655-293 Portugal"
Estalagem Muchaxo Hotel,"Avenida Nossa Senhora do Cabo 2477 Praia do Guincho, Cascais 2750-642 Portugal"
Villa Prime Hotel,"Rua Barao da Trovisqueira 338, Vila Nova de Famalicao 4760-126 Portugal"
Rossio Plaza Hotel,"Rua Aurea, 266, Lisbon 1100-581 Portugal"
Hapimag Resort Albufeira,"Rua da Torre Velha Praia do Castelo, Apartado 2341, Albufeira 8200-385 Portugal"
Porto Persona Guest House,"Rua Quinze de Novembro, 89, Porto 4100-421 Portugal"
Casa do Nato - Turismo Rural,"Rua do Moreno 130, Carreco 4900-278 Portugal"
Flor Do Douro,"Rua do Mercado 7, Miranda do Douro 5210-210 Portugal"
InPatio Guest House,"Patio Sao Salvador 22, Porto 4050-567 Portugal"
Casa dos Guindais,"Rua de Arnaldo Gama 72, Porto 4000-099 Portugal"
Hotel Sintra Jardim,"Travessa dos Avelares 12 Sao Pedro de Sintra, Sintra 2710-506 Portugal"
Sail Hostel,"Bairro dos Ratolas 10, Ferrel, Peniche 2520-102 Portugal"
Gaspar House,"Praca Francisco Sa Carneiro 5 5th Floor, Lisbon 1000-159 Portugal"
Herdade da Chaminé,"IP2 - Km 205.4, Monforte 7450-160 Portugal"
Estalagem Do Mar,"Avenida Marcos Marques Rosa, 25, Sao Vicente, Madeira 9240-210 Portugal"
"Heritage Avenida Liberdade, a Lisbon Heritage Collection","Avenida Da Liberdade, 28, Lisbon 1250-145 Portugal"
Quinta De Santo Antonio - Country House & Villas,"Rua de Santo António, 81, Torrao 4575-328 Portugal"
Villa C Boutique Hotel,"Avenida Mouzinho de Albuquerque s/n Estrada Nacional 13, Vila do Conde 4480-151 Portugal"
Casa Manuel Espregueira e Oliveira,"Rua Manuel Espregueira 190, Viana do Castelo 4900-318 Portugal"
Hotel Zodiaco,"Estrada Nacional 527 - Fonte Nova Estrada da Fonte Santa, Quarteira 8125-618 Portugal"
Natura  Maris Dunas Residence,"Avenida da Praia, Almograve, Odemira 7630-017 Portugal"
Wot Lisbon Patio,"Rua Tomas Ribeiro 8, Lisbon 1050-229 Portugal"
Coimbra Vintage Lofts,"Rua Simao de Evora 11, Coimbra 3000-386 Portugal"
Hotel Quinta do Campo,"Rua Carlos O'Neill 20 Valado dos Frades, Nazare 2451-909 Portugal"
Casa da Pendoa,"Rua da Pendoa 17-19, Sintra 2710-610 Portugal"
Hotel FeelViana,"Rua Brás de Abreu Soares 222, Viana do Castelo 4935-159 Portugal"
5ª Vigia Hostel Boutique,"Rua da Boavista 5 Junto Ao Parque Verde, Porto de Mos 2480-330 Portugal"
Alquimia Guest House,"Rua Engenheiro Jose Ulrich 13, Cascais 2750-629 Portugal"
Hostel Gaia Porto,"Rua Cândido dos Reis N 374 376, Vila Nova de Gaia 4400-070 Portugal"
Charm Apartments Porto,"Rua Flores 36 Downtown Historical Center, Porto 4050-262 Portugal"
