name,location,Latitude,Longitude,OpenCage Note
Topcity Hostel & Suites,"Rua Mendonca Pessanha 27, Lagos 8600-607 Portugal",37.1003919,-8.6724946,ok
Lindo Vale Guest House,"Rua do Lindo Vale 460, Porto 4200-370 Portugal",41.1649508,-8.6007304,ok
Hotel Dom Luis,"Avenida de Badajoz, Elvas 7350-903 Portugal",38.8754836,-7.176446,ok
Romantik Villa,"Urbanizacao Beach Villas Lote M5, Salema 8650-191 Portugal",37.0667,-8.7667,ok
RIBEIRA by YoursPorto,"Rua Reboleira 19 A 2-min walk from the Church of São Francisco, Porto 4050-492 Portugal",41.14961,-8.61099,ok
Hotel Comercio,"Avenida Doutor Correia Pinto, Resende 4660-013 Portugal",41.1,-8.0167,ok
Luz Ocean Club Apartments,"R. Dr. Francisco Gentil Martins, Lote 57 Luz, Luz 8600-164 Portugal",37.09216,-7.70433,ok
SoulSurfcamp,"Avenida do Mar 180, Ferrel, Peniche 2520-101 Portugal",39.3715414,-9.3323034,ok
Porto Palácio Hotel by The Editory,"Avenida da Boavista 1269, Porto 4100-130 Portugal",41.1590333,-8.6386736,ok
Natura Algarve Club,"Rua Fernão Lopes Lote 2, Albufeira 8200-279 Portugal",37.0833,-8.25,ok
Upon Vila - Alcochete Hotel,"Av. Dom Manuel I 465, Alcochete 2890-014 Portugal",38.7491929,-8.9686107,ok
RIA CENTRUM,"Rua de Luís Cipriano 2, Aveiro 3810-128 Portugal",40.6333,-8.65,ok
Hotel Apartamentos Geres Ribeiro,"Avenida Manoel Francisco Da Costa, Vilar da Veiga 4845-067 Portugal",41.675,-8.2417,ok
Rossio Hotel,"Rua 31 de Janeiro n 6, Portalegre 7300-211 Portugal",39.2167,-7.4067,ok
Casa da Aldeia,"Calcada da Aldeia 16, Sever do Vouga 3740-235 Portugal",40.7319399,-8.3681496,ok
Estalagem de Marvão - Casa de Campo,"Rua do Espirito Santo 1, Marvao 7330-117 Portugal",39.3942095,-7.376556,ok
Quinta das Achadas,"Estrada da Barragem, Odiaxere, Lagos 8600-250 Portugal",37.1667,-8.4,ok
Mamaadama Alpaca Farm And B&b,"Font Fria Mosqueiroes, Grandola 7570-336 Portugal",38.0033,-8.6033,ok
Vila Galé Tavira,"Rua 4 de Outubro, Tavira 8800-362 Portugal",37.1234114,-7.6460201,ok
PeraLux,"Largo 1º de Maio, Pera 8365-204 Portugal",37.1667,-8.2667,ok
Bura Surfhouse,"Rua da Pedra Alcada, Lagos 8600-546 Portugal",37.0957445,-8.6989348,ok
Cardeal Suites & Apartments,"Rua Doutor Coelho de Melo nº 1, Faro 8000-323 Portugal",37.1307,-8.0632,ok
The Maverick Surf & Guest House,"Rua da Fonte 15 A Toxofal de Cima, Lourinha 2530-318 Portugal",39.1785461,-9.3182455,ok
Canto de Luz,"Rua do Almada 539, Porto 4050-039 Portugal",41.1465814,-8.6121975,ok
Memmo Principe Real,"Rua Dom Pedro V 56 J, Lisbon 1250-094 Portugal",38.7156554,-9.1459024,ok
Casa Morais,"Rua da Capela Fornos, Coimbra 3025-149 Portugal",40.278,-8.3553,ok
Mareta Beach House Boutique Residence,"Rua da Mareta, Sagres 8650-356 Portugal",37.0104701,-8.9364594,ok
Hotel Travel Park Lisboa,"Avenida Almirante Reis 64, Lisbon 1150-020 Portugal",38.7271376,-9.1345937,ok
Hotel do Parque,"Bom Jesus Do Monte, Braga 4715-297 Portugal",41.55,-8.4333,ok
Perola da Lagoa,"Travessa do Remo, Obidos Portugal",39.4078428,-9.221085,ok
Luna Hotel Da Oura,"Rua Dunfermline Areias de Sao Joao, Albufeira 8200-278 Portugal",37.0922048,-8.2330215,ok
Volcanic Charming House,"Rua de Nossa Senhora do Vencimento 76, Ribeira Grande, São Miguel 9600-570 Portugal",,,ok
Camping Asseiceira,"Caixa Postal 2 Marvão, Santo Antonio Das Areias, Marvao 7330-204 Portugal",39.41628,-7.34947,ok
Crowne Plaza Porto By IHG,"Avenida Da Boavista, Porto 4100-114 Portugal",41.159757,-8.6398926,ok
Quinta Da Roda: Natureza E Bem-estar,"Lugar Da Roda, Vila Verde 4730-614 Portugal",41.7042,-8.3583,ok
Hotel da Barrosinha,"Companhia Agricola da Barrosinha, Alcacer do Sal 7580-514 Portugal",38.3616729,-8.481448,ok
Eurostars Lisboa Baixa,"Rua da Prata 88-114, Lisbon 1050-202 Portugal",38.7115645,-9.137154,ok
Zero Box Lodge Coimbra,"Avenida Emidio Navarro 45, Coimbra 3000-150 Portugal",40.2063398,-8.4281093,ok
Tag Hostel,"Rua da Porta de Portugal 63, Lagos 8600-998 Portugal",37.1033578,-8.6729503,ok
Residencial Vila Formosa,"Estrada da Estacao, Monte Gordo 8900-406 Portugal",37.3167,-8.7833,ok
Encosta Dos Tuneis - Turismo E Lazer,"Rua da Portela N. 261, Sever do Vouga 3740-078 Portugal",41.0083,-8.4,ok
The Lift Boutique Hotel by RIDAN Hotels,"Rua Áurea 265, Lisbon 1150-272 Portugal",38.7123609,-9.1393656,ok
Quinta Do Chocalhinho,"Aldeia da Bemposta, Odemira 7630-028 Portugal",37.6,-8.6167,ok
Apartamentos Turisticos da Nazare,"Av. Vieira Guimarães 33, Nazare 2450-111 Portugal",39.8083,-8.7833,ok
Dom Pedro Portobelo,"Avenida Tivoli, Lote H5, Vilamoura, Quarteira 8125-410 Portugal",37.1369,-8.0349,ok
O Castelo Guest House,"Rua do Casino 59 63, Carvoeiro 8400-515 Portugal",37.0974676,-8.4717229,ok
Crowne Plaza Vilamoura,"Rua Do Oceano Atlantico, Vilamoura, Quarteira 8124-478 Portugal",37.081,-8.11083,ok
name,location,41.1486734,-8.5979687,ok
Formosa Guest House,"Praca da Republica 12 Second Floor, Tavira 8800-316 Portugal",37.1262249,-7.6502182,ok
Monte Soalheiro,"Casa Branca, Sao Teotonio, Odemira 7630-585 Portugal",37.4744285,-8.6906098,ok
Quinta do Espirito Santo,"Rua Dr. Teotonio Machado Pires 36 São Bartolomeu de Regatos, Angra do Heroísmo, Terceira 9700-517 Portugal",38.6746939,-27.2926835,ok
Sheraton Lisboa Hotel & Spa,"Rua Latino Coelho, 1, Lisbon 1069 Portugal",38.7316084,-9.1471423,ok
Rr Club Amarilis,"Av. das Comunidades Lusíadas, Praia da Rocha, Portimao 8500-801 Portugal",37.1446,-8.5479,ok
Santa Bica - Eat Drink & Sleep,"Travessa do Cabral No. 37, Lisbon 1200-074 Portugal",38.709405,-9.1463407,ok
Hotel A Ponte,"Rua do Poco do Pescadouro n 32, Viana do Castelo 4900-782 Portugal",41.69323,-8.83287,ok
Quinta da Rabacosa,"Quinta da Rabacosa Moes Castro Daire, Castro Daire 3600-430 Portugal",40.879922,-7.8668113,ok
NH Collection Lisboa Liberdade,"Avenida da Liberdade 180 B Old Baixa, Lisbon 1250-146 Portugal",38.7203393,-9.1446604,ok
Hotel Real Parque,"Avenida Luis Bivar 67, Lisbon 1069-146 Portugal",38.7334266,-9.1503207,ok
Hotel Anjo Azul,"Rua Luz Soriano 75, Lisbon 1200-246 Portugal",38.7126598,-9.1458798,ok
Hotel Segredos De Vale Manso,"Rua Do Vale Manso S/N Albufeira de Castelo do Bode, Aldeia do Mato 2200-648 Portugal",,,ok
Storytellers Palace,"Rua Capitao Jaime Pinto 6, Sao Martinho do Porto, Alcobaca 2460-638 Portugal",39.5121183,-9.1355583,ok
Montebelo Vista Alegre Ilhavo Hotel,"Lugar da Vista Alegre, Ilhavo 3830-292 Portugal",40.5893764,-8.6826535,ok
HD - Duecitânia Design Hotel,"Quinta da Fabrica Ponte do Espinhal, Penela 3230-292 Portugal",40.2208,-8.4542,ok
The Lince Azores Great Hotel,"Avenida Dom João III 29, Ponta Delgada, São Miguel 9500-310 Portugal",39.6945,-8.13057,ok
Vila Galé Collection Palácio dos Arcos,"Largo Conde das Alcáçovas, 3, Paco de Arcos, Oeiras 2770-031 Portugal",38.69569,-9.29143,ok
Casa da Pousada,"Travessa da Fonte da Cal 33 Roriz - Barcelos, Barcelos 4750-659 Portugal",41.4833,-8.2667,ok
Sintra 1012 Boutique Guest House,"Rua Gil Vicente 10-12, Sintra 2710-568 Portugal",38.7963018,-9.3918468,ok
Cerro da Marina Hotel,"Rua do Cerro Grande, Albufeira 8200-108 Portugal",37.0841992,-8.2609706,ok
Herdade Dos Grous,Albernoa 7800-601 Portugal,37.859688,-7.9595242,ok
Montebelo Palácio dos Melos Viseu Historic Hotel,"Rua Chao do Mestre No 4, Viseu 3500-103 Portugal",40.6586946,-7.9126489,ok
Chill In Ericeira Surfhouse,"Rua Bairro Joao David Soares, Ericeira, Mafra 2655-293 Portugal",38.9570071,-9.4138995,ok
Estalagem Muchaxo Hotel,"Avenida Nossa Senhora do Cabo 2477 Praia do Guincho, Cascais 2750-642 Portugal",38.6958479,-9.4418324,ok
Villa Prime Hotel,"Rua Barao da Trovisqueira 338, Vila Nova de Famalicao 4760-126 Portugal",41.4057117,-8.5260483,ok
Rossio Plaza Hotel,"Rua Aurea, 266, Lisbon 1100-581 Portugal",38.7124017,-9.1391514,ok
Hapimag Resort Albufeira,"Rua da Torre Velha Praia do Castelo, Apartado 2341, Albufeira 8200-385 Portugal",37.08819,-8.2503,ok
Porto Persona Guest House,"Rua Quinze de Novembro, 89, Porto 4100-421 Portugal",41.15,-8.6167,ok
Casa do Nato - Turismo Rural,"Rua do Moreno 130, Carreco 4900-278 Portugal",41.7461851,-8.8618302,ok
Flor Do Douro,"Rua do Mercado 7, Miranda do Douro 5210-210 Portugal",41.5333,-6.2333,ok
InPatio Guest House,"Patio Sao Salvador 22, Porto 4050-567 Portugal",41.1420885,-8.6140606,ok
Casa dos Guindais,"Rua de Arnaldo Gama 72, Porto 4000-099 Portugal",41.1422248,-8.6084419,ok
Hotel Sintra Jardim,"Travessa dos Avelares 12 Sao Pedro de Sintra, Sintra 2710-506 Portugal",38.80097,-9.37826,ok
Sail Hostel,"Bairro dos Ratolas 10, Ferrel, Peniche 2520-102 Portugal",39.3667,-9.35,ok
Gaspar House,"Praca Francisco Sa Carneiro 5 5th Floor, Lisbon 1000-159 Portugal",38.7424149,-9.1339645,ok
Herdade da Chaminé,"IP2 - Km 205.4, Monforte 7450-160 Portugal",39.1333,-7.3833,ok
Estalagem Do Mar,"Avenida Marcos Marques Rosa, 25, Sao Vicente, Madeira 9240-210 Portugal",32.79673,-17.04323,ok
"Heritage Avenida Liberdade, a Lisbon Heritage Collection","Avenida Da Liberdade, 28, Lisbon 1250-145 Portugal",38.717709,-9.1425845,ok
Quinta De Santo Antonio - Country House & Villas,"Rua de Santo António, 81, Torrao 4575-328 Portugal",41.2533,-8.3933,ok
Villa C Boutique Hotel,"Avenida Mouzinho de Albuquerque s/n Estrada Nacional 13, Vila do Conde 4480-151 Portugal",41.35481,-8.7434,ok
Casa Manuel Espregueira e Oliveira,"Rua Manuel Espregueira 190, Viana do Castelo 4900-318 Portugal",41.6920138,-8.8320093,ok
Hotel Zodiaco,"Estrada Nacional 527 - Fonte Nova Estrada da Fonte Santa, Quarteira 8125-618 Portugal",37.06946,-8.10064,ok
Natura  Maris Dunas Residence,"Avenida da Praia, Almograve, Odemira 7630-017 Portugal",37.6525519,-8.7964916,ok
Wot Lisbon Patio,"Rua Tomas Ribeiro 8, Lisbon 1050-229 Portugal",38.7315104,-9.1479927,ok
Coimbra Vintage Lofts,"Rua Simao de Evora 11, Coimbra 3000-386 Portugal",40.2099584,-8.4311321,ok
Hotel Quinta do Campo,"Rua Carlos O'Neill 20 Valado dos Frades, Nazare 2451-909 Portugal",39.58432,-9.0229,ok
Casa da Pendoa,"Rua da Pendoa 17-19, Sintra 2710-610 Portugal",38.7972541,-9.3916989,ok
Hotel FeelViana,"Rua Brás de Abreu Soares 222, Viana do Castelo 4935-159 Portugal",41.69323,-8.83287,ok
5ª Vigia Hostel Boutique,"Rua da Boavista 5 Junto Ao Parque Verde, Porto de Mos 2480-330 Portugal",39.5988944,-8.8225065,ok
Alquimia Guest House,"Rua Engenheiro Jose Ulrich 13, Cascais 2750-629 Portugal",38.7088967,-9.4186515,ok
Hostel Gaia Porto,"Rua Cândido dos Reis N 374 376, Vila Nova de Gaia 4400-070 Portugal",41.13363,-8.61742,ok
Charm Apartments Porto,"Rua Flores 36 Downtown Historical Center, Porto 4050-262 Portugal",41.15,-8.6167,ok
