name,location,Latitude,Longitude,OpenCage Note
The Boliqueime Inn Hotel,"Avenida Professor Dr. Anibal Cavaco Silva Nr. 32, Boliqueime 8100-077 Portugal",37.13718,-8.1582,ok
Quinta do Mel,"Apartado 6080, Olhos de Agua, Albufeira 8201-925 Portugal",37.0984007,-8.2087159,ok
Dixo's Oporto Hostel,"Rua de Mouzinho da Silveira 72, Porto 4050-415 Portugal",41.1421168,-8.6143004,ok
Charming Antas House,"Rua de Naulila 98 122, Porto 4200-412 Portugal",41.1653795,-8.5898617,ok
Convento da Provença,"Monte Paleiros Ribeira De Nisa, Portalegre 7300 Portugal",39.3286406,-7.4290578,ok
Lisbon Happy Hostel,"Rua dos Correeiros n. 161, Lisbon 1100-164 Portugal",38.7114312,-9.1375437,ok
"Borralha Hotel, Restaurante & Spa","Travessa Moreira de Carvalho No. 2, Vila Real 5000-423 Portugal",41.3135423,-7.7342741,ok
Pestana Vila Lido,"Rua Gorgulho 15-17, Funchal, Madeira 9000-107 Portugal",32.6364509,-16.9308291,ok
Casazul,"Alagoachos Lote 299 Lote 299, Vila Nova de Milfontes 7645-012 Portugal",37.72377,-8.78278,ok
Chicks On Waves,"Quinta da Fortaleza 40, Budens 8650-041 Portugal",37.0667,-8.8,ok
Casas do Porto - Ribeira Apartments,"Rua Ferreira Borges, Porto 4050-253 Portugal",41.1412108,-8.6153104,ok
HolaCamp Albufeira,"Estr. De Ferreiras N395, Albufeira 8200-555 Portugal",37.1237609,-8.2448066,ok
Estalagem Da Ponta Do Sol,"Caminho Do Passo, 6, Ponta Do Sol, Madeira 9360-529 Portugal",32.6791826,-17.1032864,ok
Palacio Vila Flor,"Travessa Sao Joao da Praca 36, Lisbon 1100-523 Portugal",38.7167,-9.1333,ok
Horta de Torrejais,"Estrada da Barca 7860, Moura 7860-307 Portugal",38.0357,-7.8036,ok
Hotel Casa do Tua,"Avenida da Estacao 05, Foz Tua 5140-133 Portugal",41.4512536,-8.5531137,ok
Hotel Cristal Porto,"Travessa Antero de Quental 360, Porto 4000-087 Portugal",41.1149134,-8.5087461,ok
Pure Fonte Velha Bed and Breakfast,"Rua 25 de Abril 13, Vila do Bispo 8650-428 Portugal",37.0820294,-8.9093681,ok
Sol da Vila,"Rua Custódio Brás Pacheco 4, Vila Nova de Milfontes 7645-253 Portugal",37.72377,-8.78278,ok
PortoBay Serra Golf,"Sitio dos Casais Proximos, Santo Antonio da Serra, Madeira 9100-255 Portugal",32.71667,-16.81667,ok
Hotel Madeira,"Rua Ivens 21, Funchal, Madeira 9000-046 Portugal",32.6480202,-16.9125233,ok
Encostas do Coa TER,"Quinta Nova Pinhel Rua nova, Quinta Nova 6400-552 Portugal",40.7396,-7.15,ok
Herdade Da Matinha,"Cercal do Alentejo, Cercal 7555-231 Portugal",37.7833,-8.6417,ok
Casa Areias Apartamentos,"Beco do Barnabe 457, Albufeira 8200-287 Portugal",37.0833,-8.25,ok
Quinta Mirabela,"Caminho do Monte 105-107, Funchal, Madeira 9000-288 Portugal",32.6795441,-16.9013869,ok
Vila Gale Collection Braga,"Largo Carlos Amarante, Braga 4700-308 Portugal",41.5494214,-8.4234692,ok
Mayer Apartments,"Rua da Varzea, Luz 8600-157 Portugal",37.0891771,-8.7271383,ok
Artbeat Rooms,"Rua de Sao Nicolau 23 3rd E, Lisbon 1100-547 Portugal",38.7105021,-9.1364571,ok
Vila Gale Porto Ribeira,"Cais das Pedras 22 Lordelo do Ouro e Massarelos, Porto 4050-499 Portugal",41.1451751,-8.6292999,ok
Tivoli Carvoeiro Algarve Resort,"Apartado 1299 Vale Do Covo, Carvoeiro 8401-911 Portugal",37.094179,-8.4572833,ok
Hotel Covilha Dona Maria Affiliated by Meliá,"Alameda Pero da Covilha, Covilha 6200-507 Portugal",40.2686777,-7.4854108,ok
Villa Natura - Ecoturismo,"Caminho Velho da Praia, 14, Vila do Porto, Santa Maria 9580-030 Portugal",41.04342,-8.26822,ok
Candeias do Souto,"Largo da Capela, Braganca 5300-673 Portugal",41.5564853,-7.1830256,ok
Cabanas da Viscondessa,"Caminho de Cima da Ribeira do Nabo, Urzelina, Sao Jorge 9800-404 Portugal",41.38242,-8.24887,ok
Legends' House by Sweet Porto,"Rua do Bonjardim 115, Porto 4000-124 Portugal",41.1474092,-8.609488,ok
Pátio Da Villa Coruche Guest House,"Rua do Borralho 1, Coruche 2100-168 Portugal",38.9570571,-8.5284958,ok
Residencial Londrina,"Rua Castilho 61, Lisbon 1250-068 Portugal",38.723823,-9.1526753,ok
White Exclusive Suites & Villas,"Rua Rocha Quebrada 10 - Atalhada, Lagoa 9560-420 Portugal",37.13535,-8.45319,ok
Turim Marques Hotel,"Rua Mouzinho da Silveira 26, Lisbon 1250-167 Portugal",38.7230262,-9.1503818,ok
Hotel Alegria,"Praça da Alegria, 12, Lisbon 1250-004 Portugal",38.7167,-9.1333,ok
Casa de Sezim,"Rua de Sezim, Guimaraes 4811-909 Portugal",41.4163761,-8.3281488,ok
São Lourenço do Barrocal,Monsaraz 7200-177 Portugal,38.4633204,-7.417323,ok
Casa do Cabeco,"Casa do Cabeço, Rua da Portela 30 Falorca, Castelões, Tondela 3465-127 Portugal",40.51682,-8.08087,ok
Quinta do Morgado - Monte da Eira Apartments,"Quinta do Morgado Estrada Nacional 125, Tavira 8800-209 Portugal",37.1667,-8.2667,ok
Hotel El Rei Dom Manuel,"Largo de Olivenca, Marvao 7330-104 Portugal",39.3947095,-7.3762136,ok
Varzinn Hotel,"Rua Jose Morneiro 100, Povoa de Varzim 4490-100 Portugal",41.3667,-8.7333,ok
Pousada Vila Real Santo Antonio,"Praca Marques de Pombal 30, Vila Real de Santo Antonio 8900-231 Portugal",37.1942202,-7.415529,ok
Four Seasons Vilamoura,"Rua da Holanda, Vilamoura, Quarteira 8125-474 Portugal",37.1369,-8.0349,ok
Terra Nostra Garden Hotel,"Rua Padre Jose Jacinto Botelho 5, Furnas, Povoação, São Miguel 9675-061 Portugal",39.6945,-8.13057,ok
Casa de Sao Domingos,"Avenida da Diocese de Vila Real No. 821, Peso Da Regua 5050-221 Portugal",41.1596345,-7.7805295,ok
Casa da Baia,"Rua Vasco da Gama No. 20, Horta, Faial Island 9900-017 Portugal",38.57736,-28.69994,ok
Holiday Inn Express Lisbon - Ave. Liberdade By IHG,"Rua Alexandre Herculano, No. 40 No. 40, Lisbon 1250-011 Portugal",38.7203227,-9.1540289,ok
bnapartments Carregal,"Travessa do Carregal 87, Porto 4050-167 Portugal",41.1488076,-8.6178258,ok
Convent Square Lisbon Vignette Collection by IHG,"Rua Dom Antão De Almada, 4, Lisbon 1100-373 Portugal",38.7167,-9.1333,ok
Casas de Juromenha,"Ribeira de Mures, Juromenha, Alandroal 7250-242 Portugal",38.7,-7.4,ok
Casas de Campo da Barroca,"Rua de Santa Cruz Tabosa do Carregal, Sernancelhe 3640-230 Portugal",40.9042,-7.5125,ok
Sun Lovers Hostel,"Rua Movimento Das Forcas Armadas 71, Albufeira 8200-019 Portugal",37.0909174,-8.2485718,ok
São Félix Hotel Hillside and Nature,"R. de São Félix 1125 Laundos, Povoa de Varzim 4570-345 Portugal",41.43662,-8.72191,ok
Ventozelo Hotel & Quinta,"Quinta de Ventozelo, Ervedosa do Douro 5130-077 Portugal",41.1742694,-7.5174769,ok
My Story Hotel Ouro,"Rua Aurea 100, Lisbon 1100-063 Portugal",38.7099441,-9.1381926,ok
FLH Hotels Urbano,"Rua da Madalena 42 Santa Maria Maior, Lisbon 1100-321 Portugal",38.7089892,-9.1347263,ok
Cerca do Sul,"Cabeco de Arveola Brejão, Sao Teotonio, Odemira 7630-569 Portugal",38.2,-7.75,ok
Quinta M,"Casal Da Avo - Varzea de Baixo Casevel-Str, Santarem 2000-451 Portugal",39.23333,-8.68333,ok
Vale d'Azenha Hotel Rural & Residences,"Rua da Barrada 39, Cela, Alcobaca 2460-342 Portugal",39.5167,-9.0333,ok
Quinta da Mó,"Rua da Agua Quente 66 São Miguel, Açores, Furnas, Povoação, São Miguel 9675-040 Portugal",,,ok
Stay Inn Lisbon Hostel,"Rua Luz Soriano 19 1st Floor, Lisbon 1200-246 Portugal",38.7112659,-9.1459416,ok
Loule Jardim Hotel,"Praça Manuel de Arriaga, Loule 8100-665 Portugal",37.2346,-8.0737,ok
Tonel Apartaments,"Rua do Tonel, Sagres 8650-376 Portugal",37.0089651,-8.9453447,ok
Pateo Saudade Lofts,"Rua do Crucifixo 31 Santa Maria Maior, Lisbon 1100-182 Portugal",38.7097808,-9.1387269,ok
Quinta do Bom Vento,"Rua Vale da Caniceira 99, Bom Vento, Obidos 2510-772 Portugal",39.62,-8.8492,ok
Blue Boutique Hostel & Suites,"Avenida Marginal 6538, Estoril, Cascais 2765-586 Portugal",38.7024097,-9.3897297,ok
Casa do Godinho,"Rua do Godinho 222, Matosinhos 4450-146 Portugal",41.1809393,-8.6936748,ok
"Onyria Marinha Cascais, Vignette Collection by IHG","Rua do Clube 1 Quinta Da Marinha, Cascais 2750-002 Portugal",38.7030769,-9.4580233,ok
Hotel Eira Da Pedra,"Rua das Pensoes, Vila Nova de Milfontes 7645-291 Portugal",37.75,-8.7667,ok
We Love F. Tourists - Hostel,"Rua dos Fanqueiros 267, Lisbon 1100-230 Portugal",38.7131174,-9.1370301,ok
Portugal By Horse,"Regada Quinta da Alegria, Midoes, Tabua 3420-136 Portugal",40.3833,-7.95,ok
Casa De Casal De Loivos,"Cabo Da Rua, Casal de Loivos 5085-010 Portugal",41.2,-7.5333,ok
Vinha da Manta,"Quinta Do Barata, Guarda 6300-095 Portugal",40.5448,-7.2042,ok
Melia Braga,"Av. General Carrilho Da Silva Pinto  8, Braga 4715-380 Portugal",41.5566994,-8.3956254,ok
Hotel Sol Algarve by Kavia,"Rua Infante Dom Henrique 52, Faro 8000-363 Portugal",37.0191577,-7.9372656,ok
Monte do Serrado de Baixo,"Quinta do Serrado, Senhor dos Aflitos, Evora 7000-173 Portugal",38.7,-7.7833,ok
Quinta da Portela Douro,"Quinta da Portela Douro 123, CM1099, Armamar 5110-662 Portugal",41.0778,-7.7043,ok
Casas da Baixa - Lighthouse Apartments,"Rua da Padaria 9, Lisbon 1100-388 Portugal",38.7093582,-9.1345851,ok
Watermark Surf House,"Rua 29 71, Espinho 4500-007 Portugal",41.0053813,-8.6450664,ok
Pestana Palace Lisboa,"Rua Jau 54, Lisbon 1300-314 Portugal",38.7037251,-9.1867227,ok
Surfivor Porto Surf Hostel,"Avenida do Brasil 816, Porto 4150-154 Portugal",41.158978,-8.6832737,ok
O Pomar In Cabanas By Wave Algarve,"Rua Charles Bonnet 6 Edificio 3.3 - 102, Cabanas, Tavira 8800-596 Portugal",37.13589,-7.60125,ok
Mercedes Country House,"Lugar do Medronhal 475-Z, Faro 8005-502 Portugal",37.1343,-8.0704,ok
Quinta da Nave do Lobo,"Quinta da Nave do Lobo Alvarroes, Marvao 7330-236 Portugal",39.3692274,-7.4138338,ok
Trendy and Luxe Bed & Breakfast,"Caixa Postal, 67, Ferreira do Alentejo 7900-112 Portugal",37.9939257,-8.2002841,ok
Calheta Boutique Houses Adults Only,"Rua Dr. Rocha De Gouveia 48, Arco da Calheta, Calheta, Madeira 9370-075 Portugal",32.7174468,-17.1490657,ok
Pensao Praca da Figueira,"Travessa Nova de Sao Domingos 9 2 Praça da Figueira - Baixa, Lisbon 1100-372 Portugal",38.71667,-9.13333,ok
Quinta da Luz - A Luxury Boutique B&B,"Santo Estevao, Silves 8300-047 Portugal",37.2206578,-8.3785129,ok
Fortaleza do Guincho Relais & Châteaux,"Estrada do Guincho, Cascais 2750-642 Portugal",38.7308813,-9.4686738,ok
Casa Da Noquinhas,"36 Rua dos Passadouros, Bunheiro 3870-028 Portugal",40.7751848,-8.634787,ok
Hostel Namaste,"Largo Doutor Manuel Alves Branco 12, Evora 7000-649 Portugal",38.7,-7.7833,ok
Palmares Beach House Hotel,"Campo de Golfe de Palmares, Odiaxere, Lagos 8600-250 Portugal",37.1667,-8.4,ok
Quinta de Casaldronho Wine Hotel,"EN 313 - Valdigem, Lamego 5100-026 Portugal",41.1388957,-7.7638184,ok
Dreams Madeira Resort Spa & Marina,"Marina da Quinta Grande Sitio da Piedade, Canical, Madeira 9200-044 Portugal",32.73834,-16.73836,ok
Hotel São Jose,"Av. D. Jose Alves Correia da Silva 140, Fatima 2495-402 Portugal",39.6309488,-8.6790557,ok
